use WholeyMoleyFoods

insert into Customer ([customerID],[custFirstName],[custLastName],[custDOB],[customerType],[changeOfCredit],[custStreetAddress],[custSuburb],[custCity],[custPostCode],[custRegion],[custPostBox]) VALUES(1,'Owen','Solomon','1999-07-20 20:55:19','consequat auctor,','felis,','5186 Blandit Av.','North Island','Kerikeri','7546','North Island','6649'),(2,'Merritt','Melendez','2001-12-06 03:21:56','enim. Curabitur','nunc','8675 Sed Avenue','South Island','Balclutha','4221','NI','3430'),(3,'Rahim','Reynolds','1991-08-12 19:59:48','Lorem ipsum','eget','Ap #738-4917 Eget Avenue','North Island','Matamata','8056','South Island','4111'),(4,'Hu','Morrow','1994-07-24 02:41:53','enim. Etiam','Curabitur','P.O. Box 954, 7071 Sodales St.','North Island','Matamata','2920','North Island','4615'),(5,'Theodore','Chan','1998-02-10 19:53:47','arcu ac','Sed','Ap #550-3339 In Rd.','South Island','Wanaka','6895','North Island','2462'),(6,'Nash','Andrews','1995-06-26 23:59:53','lorem, auctor','velit.','P.O. Box 505, 6782 Justo. Av.','North Island','Upper Hutt','4875','NI','0761'),(7,'Martin','Hendricks','1998-02-17 15:21:41','Aliquam nisl.','ornare','1977 Nibh. Ave','North Island','Napier','5870','North Island','0605'),(8,'Kaseem','Vargas','1992-12-13 03:51:13','consectetuer ipsum','Nulla','639-9731 Taciti Ave','North Island','Gisborne','9148','North Island','8127'),(9,'Nash','Norman','1991-03-05 23:32:49','enim. Suspendisse','Quisque','Ap #998-8037 Eu, Av.','North Island','Cambridge','5415','North Island','2798'),(10,'Jackson','Roth','1995-05-19 05:02:00','eu tellus','dolor','P.O. Box 639, 2139 Orci St.','North Island','Porirua','9417','NI','6245');
insert into Branch ([branchID],[branchName],[branchStreetAddress],[branchSuburb],[branchCity],[branchRegion],[branchPostCode],[branchArea],[numOfStaff],[totalNumOfSales]) VALUES(1,'Demetria','573-6142 Erat Avenue','North Island','Feilding','North Island','4889','North Island',6,7),(2,'Maris', '2755 Lorem Avenue','North Island','Whakatane','South Island','7119','North Island',8,3),(3,'Courtney','Ap #470-8007 Nulla Rd.','South Island','Rangiora','North Island','7831','North Island',1,6),(4,'Sydnee','6618 Auctor. Rd.','North Island','Whangarei','North Island','3797','North Island',7,9),(5,'Kameko','Ap #153-8280 Nunc, Rd.','North Island','Rotorua','North Island','3144','South Island',7,3),(6,'Xerxes','Ap #336-8544 Eros. Ave','North Island','Huntly','North Island','0465','North Island',7,1),(7,'Mallory','401-7213 Ridiculus Av.','North Island','Wellington','South Island','8790','South Island',6,5),(8,'Josephine','795-7705 Faucibus Rd.','North Island','Wanganui','South Island','5650','North Island',10,3),(9,'Velma','6086 Primis Rd.','North Island','Kapiti','North Island','7681','South Island',3,9),(10,'Chantale','Ap #507-8242 Augue Avenue','North Island','North Shore','North Island','0480','North Island',10,9);
insert into Employees ([employeeID],[empFirstName],[empLastName],[empPhoneNum],[dateHired],[jobTitle],[currentPay],[skillSet],[empDOB],[branchID],[empStreetAddress],[empSuburb],[empCity],[empPostCode],[region],[baseBranch]) VALUES(1,'Lacota','Boyle','6973945','2008-04-29','Remedios','$7,881','Hayden','1995-07-08',1,'Ap #817-3191 Mauris, Av.','SI','Temuka','9205','North Island',5),(2,'Maryam','Beard','7759514','2009-03-18','Lars','$9,005','Gemma','2011-10-18',2,'Ap #524-9118 Aenean Road','NI','New Plymouth','4200','SI',3),(3,'Lacey','Keith','8847994','2012-02-28','Kristen','$7,390','Miriam','1990-09-13',3,'P.O. Box 173, 1176 Nec, Road','NI','Cambridge','8953','North Island',6),(4,'Joy','Hubbard','8588232','2008-10-07','Tatum','$8,570','Thomas','2004-03-03',4,'P.O. Box 163, 1335 Augue St.','SI','Rangiora','3424','SI',8),(5,'Tana','Dunn','8400180','2020-10-27','Bruno','$5,096','Wanda','2010-05-25',5,'449-104 Non Road','SI','Picton','3933','SI',2),(6,'Aphrodite','Crawford','1472531','2016-02-18','Quincy','$7,674','Martha','2000-08-04',6,'Ap #476-8422 Urna. Rd.','NI','Upper Hutt','4337','NI',1),(7,'Anne','Wiley','4589782','2013-08-11','Lesley','$8,903','Samuel','2002-12-27',7,'3830 Vehicula Av.','NI','Hawera','9524','South Island',3),(8,'Gisela','Faulkner','1793970','2019-04-10','Jescie','$9,838','Christopher','1992-02-16',8,'4907 Suscipit, Av.','NI','Tokoroa','8766','NI',9),(9,'Mia','Guerra','7575603','2009-12-02','Alfonso','$7,068','Chase','1991-04-09',9,'992-9748 Justo St.','NI','Palm North','8637','NI',1),(10,'Hadassah','Long','9249315','2011-06-09','Wang','$6,649','Acton','1992-09-02',10,'8790 A St.','NI','Levin','6665','NI',9)